elapsed_s,prefill_replicas,prefill_ready,decode_replicas,decode_ready,decode-tokenaware_metric,prefill-tokenaware_metric
2,1,1,1,1,0,0
19,1,1,1,1,0,0
37,1,1,1,1,0,0
54,1,1,1,1,5m,0
72,1,1,1,1,5m,0
89,1,1,1,1,31m,0
107,1,1,1,1,31m,0
124,1,1,1,1,82m,0
142,1,1,1,1,82m,0
159,1,1,1,1,153m,0
177,1,1,1,1,175m,0
195,1,1,1,1,175m,0
212,1,1,1,1,202m,0
230,1,1,1,1,202m,0
248,1,1,1,1,182m,0
266,1,1,1,1,171m,0
283,1,1,1,1,171m,0
301,1,1,1,1,183m,0
318,1,1,1,1,183m,0
336,1,1,1,1,196m,0
353,1,1,1,1,104m,0
371,1,1,1,1,104m,0
388,1,1,1,1,127m,0
406,1,1,1,1,127m,0
423,1,1,1,1,120m,0
441,1,1,1,1,120m,0
459,1,1,1,1,69m,0
476,1,1,1,1,6m,0
494,1,1,1,1,6m,0
512,1,1,1,1,34m,0
530,1,1,1,1,34m,0
548,1,1,1,1,88m,0
565,1,1,1,1,156m,0
583,1,1,1,1,156m,0
601,1,1,1,1,228m,0
619,1,1,1,1,228m,0
636,1,1,1,1,254m,0
654,1,1,1,1,266m,0
671,1,1,1,1,266m,0
689,1,1,1,1,313m,190m
707,1,1,1,1,313m,0
724,1,1,1,1,406m,0
742,1,1,1,1,379m,0
760,1,1,1,1,379m,0
777,1,1,1,1,472m,0
795,1,1,1,1,472m,0
812,1,1,1,1,544m,0
830,1,1,1,1,544m,0
847,1,1,1,1,580m,0
865,1,1,1,1,580m,0
883,1,1,1,1,554m,0
900,1,1,1,1,556m,0
918,1,1,1,1,556m,0
935,1,1,1,1,513m,0
953,1,1,1,1,537m,0
970,1,1,1,1,348m,0
988,1,1,1,1,325m,0
1006,1,1,1,1,325m,0
1023,1,1,1,1,211m,0
1041,1,1,1,1,211m,0
1058,1,1,1,1,0,0
1076,1,1,1,1,0,0
1094,1,1,1,1,45m,0
1111,1,1,1,1,148m,0
1129,1,1,1,1,148m,0
1146,1,1,1,1,284m,0
1164,1,1,1,1,441m,190m
1182,1,1,1,1,441m,0
1200,1,1,1,1,590m,0
1217,1,1,1,1,590m,0
1235,1,1,1,1,518m,0
1252,1,1,1,1,581m,0
1270,1,1,1,1,581m,0
1287,1,1,1,1,596m,0
1305,1,1,1,1,596m,0
1322,1,1,1,1,664m,0
1340,1,1,1,1,664m,0
1358,1,1,1,1,776m,190m
1376,1,1,1,1,750m,0
1394,1,1,1,1,750m,0
1411,1,1,1,1,705m,0
1428,1,1,1,1,705m,0
1446,1,1,1,1,813m,190m
1463,1,1,1,1,804m,0
1481,1,1,1,1,804m,0
1499,1,1,1,1,928m,0
1516,1,1,2,1,928m,0
1534,1,1,2,1,999m,0
1551,1,1,2,1,999m,0
1569,1,1,2,1,965m,0
1587,1,1,2,1,997m,1.045
1604,2,1,2,1,997m,2.896
1622,2,1,2,1,998m,4.510
1639,2,1,2,1,998m,5.223
1657,2,1,2,1,999m,760m
1674,2,1,2,1,999m,760m
1692,2,1,2,2,999m,0
1711,2,1,2,2,955m,0
1728,2,1,2,2,955m,0
1746,2,1,2,2,922m,0
1763,2,1,2,2,851m,0
1781,2,1,2,2,851m,0
1798,2,1,2,2,933m,0
1816,2,2,2,2,933m,0
1834,2,2,2,2,918m,0
1852,2,2,2,2,918m,0
1869,2,2,2,2,846m,0
1887,2,2,2,2,635m,0
1904,2,2,2,2,635m,0
1921,2,2,2,2,0,0
1939,1,1,2,2,11m,0
1956,1,1,2,2,34m,0
1974,1,1,2,2,139m,0
1991,1,1,2,2,213m,0
2009,1,1,2,2,296m,0
2026,1,1,2,2,403m,0
2044,1,1,2,2,528m,0
2061,1,1,2,2,619m,0
2079,1,1,2,2,696m,0
2096,1,1,2,2,885m,0
2114,1,1,2,2,936m,0
2132,1,1,2,2,1.021,0
2149,1,1,2,2,1.139,0
2167,1,1,2,2,1.261,0
2185,1,1,2,2,1.394,190m
2203,1,1,2,2,1.457,0
2220,1,1,2,2,1.522,190m
2238,1,1,2,2,1.557,190m
2255,1,1,2,2,1.573,0
2273,1,1,2,2,1.512,0
2291,1,1,2,2,1.510,0
2309,1,1,2,2,1.588,0
2327,1,1,2,2,1.613,142m
2347,1,1,2,2,1.649,190m
2370,1,1,2,2,1.636,0
2391,1,1,2,2,1.648,0
2409,1,1,2,2,1.552,0
2428,1,1,2,2,1.438,0
2446,1,1,2,2,1.458,0
2464,1,1,2,2,1.456,0
2481,1,1,2,2,1.475,0
2499,1,1,2,2,1.490,0
2517,1,1,2,2,1.547,0
2534,1,1,2,2,1.571,0
2553,1,1,2,2,1.453,0
2570,1,1,2,2,1.263,0
2587,1,1,2,2,1.168,0
2605,1,1,2,2,1.166,0
2622,1,1,2,2,1.082,0
2640,1,1,2,2,937m,0
2658,1,1,2,2,774m,0
2675,1,1,2,2,701m,0
2693,1,1,2,2,245m,0
2710,1,1,2,2,245m,0
2728,1,1,2,2,44m,0
2745,1,1,2,2,102m,190m
2763,1,1,2,2,187m,0
2780,1,1,2,2,305m,0
2798,1,1,2,2,446m,0
2815,1,1,2,2,791m,0
2833,1,1,2,2,972m,0
2851,1,1,2,2,1.084,0
2868,1,1,2,2,1.154,190m
2886,1,1,2,2,1.286,0
2903,1,1,2,2,1.488,0
2921,1,1,2,2,1.585,0
2938,1,1,2,2,1.619,190m
2956,1,1,2,2,1.662,0
2974,1,1,2,2,1.737,0
2991,1,1,3,2,1.765,190m
3009,1,1,3,2,1.803,0
3027,1,1,3,2,1.957,380m
3044,1,1,3,2,1.997,2.944
3063,2,1,3,2,1.993,4.795
3081,2,1,3,2,1.987,6.694
3099,2,1,3,2,1.991,8.261
3117,2,1,3,2,1.996,2.944
3135,2,1,3,2,1.999,3.703
3153,2,1,3,2,2,7.549
3171,2,1,3,2,1.995,4.653
3189,2,1,3,2,1.995,6.125
3206,2,1,3,3,1.950,1.045
3224,2,1,3,3,2.036,1.045
3241,2,2,3,3,2.001,0
3259,2,2,3,3,2.119,0
3277,2,2,3,3,2.118,190m
3294,2,2,3,3,2.259,0
3312,2,2,3,3,2.294,190m
3329,2,2,3,3,2.648,0
3347,2,2,4,3,2.931,190m
3364,2,2,4,3,2.976,1.757
3382,2,2,4,3,2.931,760m
3400,2,2,4,3,2.931,760m
3417,2,2,4,3,2.874,1.139
3435,2,2,4,3,2.923,1.139
3453,2,2,4,3,2.954,1.139
3472,2,2,4,3,2.832,0
3489,2,2,4,3,2.461,0
3506,2,2,4,3,2.115,0
3525,2,2,4,3,2.138,0
3543,2,2,4,3,2.301,0
3560,2,2,4,4,2.421,0
3578,2,2,4,4,2.225,0
3595,2,2,4,4,1.469,0
3613,2,2,4,4,602m,0
3631,2,2,4,4,279m,0
3648,2,2,4,4,2m,0
3666,1,1,4,4,5m,0
3683,1,1,4,4,93m,0
3701,1,1,4,4,126m,0
3718,1,1,4,4,225m,0
3736,1,1,4,4,352m,0
3754,1,1,4,4,398m,0
3771,1,1,4,4,533m,0
3789,1,1,4,4,537m,0
3806,1,1,4,4,370m,0
3824,1,1,4,4,448m,0
3841,1,1,4,4,482m,0
3859,1,1,4,4,547m,0
3876,1,1,3,3,583m,0
3894,1,1,3,3,429m,0
3911,1,1,3,3,484m,0
3929,1,1,3,3,636m,0
3946,1,1,3,3,695m,0
3964,1,1,3,3,714m,0
3981,1,1,3,3,671m,0
4000,1,1,3,3,671m,0
4017,1,1,3,3,762m,0
4035,1,1,3,3,731m,0
4053,1,1,3,3,740m,0
4070,1,1,3,3,624m,0
4088,1,1,3,3,579m,0
4105,1,1,3,3,572m,0
4123,1,1,3,3,524m,0
4140,1,1,3,3,527m,0
4158,1,1,3,3,392m,0
4176,1,1,2,2,331m,0
4193,1,1,2,2,0,0
4211,1,1,2,2,0,0
4229,1,1,2,2,2m,0
4247,1,1,2,2,8m,0
4264,1,1,2,2,19m,0
4282,1,1,2,2,43m,0
4299,1,1,2,2,43m,0
4317,1,1,2,2,97m,0
4334,1,1,2,2,138m,0
4352,1,1,2,2,151m,0
4370,1,1,2,2,168m,0
4387,1,1,2,2,181m,0
4405,1,1,2,2,224m,0
4422,1,1,2,2,220m,0
4440,1,1,2,2,217m,0
4458,1,1,2,2,188m,0
4475,1,1,1,1,199m,0
4493,1,1,1,1,116m,0
4511,1,1,1,1,139m,0
4528,1,1,1,1,111m,0
4546,1,1,1,1,111m,0
4563,1,1,1,1,117m,0
4581,1,1,1,1,117m,0
4598,1,1,1,1,124m,190m
4616,1,1,1,1,133m,0
4633,1,1,1,1,105m,0
4651,1,1,1,1,162m,0
4668,1,1,1,1,162m,0
4686,1,1,1,1,153m,0
4703,1,1,1,1,139m,0
4721,1,1,1,1,118m,0
4739,1,1,1,1,173m,0
4757,1,1,1,1,173m,0
4774,1,1,1,1,208m,0
4792,1,1,1,1,194m,0
4810,1,1,1,1,194m,0
4827,1,1,1,1,254m,0
4845,1,1,1,1,254m,0
4862,1,1,1,1,211m,0
4881,1,1,1,1,211m,0
4899,1,1,1,1,160m,0
4917,1,1,1,1,182m,142m
4934,1,1,1,1,182m,0
4953,1,1,1,1,189m,0
4971,1,1,1,1,189m,0
4988,1,1,1,1,190m,0
5006,1,1,1,1,213m,0
5023,1,1,1,1,213m,0
5041,1,1,1,1,211m,0
5058,1,1,1,1,211m,0
5076,1,1,1,1,137m,0
5093,1,1,1,1,148m,0
5111,1,1,1,1,148m,0
5129,1,1,1,1,180m,0
5146,1,1,1,1,180m,0
5165,1,1,1,1,148m,0
5183,1,1,1,1,18m,0
5200,1,1,1,1,18m,0
5219,1,1,1,1,24m,0
5237,1,1,1,1,24m,0
5254,1,1,1,1,0,0
5272,1,1,1,1,0,0
5289,1,1,1,1,0,0
5307,1,1,1,1,0,0
5325,1,1,1,1,0,0
5342,1,1,1,1,0,0
5360,1,1,1,1,0,0
5378,1,1,1,1,0,0
5396,1,1,1,1,0,0
5413,1,1,1,1,0,0
5431,1,1,1,1,0,0
5448,1,1,1,1,0,0
5466,1,1,1,1,0,0
5483,1,1,1,1,0,0
5501,1,1,1,1,0,0
5521,1,1,1,1,0,0
5539,1,1,1,1,0,0
5557,1,1,1,1,0,0
5575,1,1,1,1,0,0
5592,1,1,1,1,0,0
5609,1,1,1,1,0,0
5627,1,1,1,1,0,0
5644,1,1,1,1,0,0
5662,1,1,1,1,0,0
5680,1,1,1,1,0,0
5697,1,1,1,1,0,0
5715,1,1,1,1,0,0
5732,1,1,1,1,0,0
5750,1,1,1,1,0,0
5768,1,1,1,1,0,0
5785,1,1,1,1,0,0
5803,1,1,1,1,0,0
5821,1,1,1,1,0,0
5839,1,1,1,1,0,0
5857,1,1,1,1,0,0
5875,1,1,1,1,0,0
5893,1,1,1,1,0,0
5911,1,1,1,1,0,0
5929,1,1,1,1,0,0
5947,1,1,1,1,0,0
5966,1,1,1,1,0,0
5984,1,1,1,1,0,0
6002,1,1,1,1,0,0
6020,1,1,1,1,0,0
6037,1,1,1,1,0,0
6055,1,1,1,1,0,0
6073,1,1,1,1,0,0
6091,1,1,1,1,0,0
6109,1,1,1,1,0,0
6127,1,1,1,1,0,0
6148,1,1,1,1,0,0
6166,1,1,1,1,0,0
6183,1,1,1,1,0,0
6201,1,1,1,1,0,0
6220,1,1,1,1,0,0
6240,1,1,1,1,0,0
6258,1,1,1,1,0,0
6276,1,1,1,1,0,0
6294,1,1,1,1,0,0
6312,1,1,1,1,0,0
6330,1,1,1,1,0,0
6348,1,1,1,1,0,0
